01_place.commonModulesReact-spring.bundle.9b8a93d5756bf8ac28a9.1786610149950.js	https://g-place.pstatic.net/assets/place/place.commonModulesReact-spring.bundle.9b8a93d5756bf8ac28a9.1786610149950.js
02_place.commonModulesEgjs.bundle.9b8a93d5756bf8ac28a9.1786610149950.js	https://g-place.pstatic.net/assets/place/place.commonModulesEgjs.bundle.9b8a93d5756bf8ac28a9.1786610149950.js
03_place.2962.bundle.9b8a93d5756bf8ac28a9.1786610149950.js	https://g-place.pstatic.net/assets/place/place.2962.bundle.9b8a93d5756bf8ac28a9.1786610149950.js
04_place.4381.bundle.9b8a93d5756bf8ac28a9.1786610149950.js	https://g-place.pstatic.net/assets/place/place.4381.bundle.9b8a93d5756bf8ac28a9.1786610149950.js
05_place.2200.bundle.9b8a93d5756bf8ac28a9.1786610149950.js	https://g-place.pstatic.net/assets/place/place.2200.bundle.9b8a93d5756bf8ac28a9.1786610149950.js
06_place.8541.bundle.9b8a93d5756bf8ac28a9.1786610149950.js	https://g-place.pstatic.net/assets/place/place.8541.bundle.9b8a93d5756bf8ac28a9.1786610149950.js
07_place.placeDetail.bundle.9b8a93d5756bf8ac28a9.1786610149950.js	https://g-place.pstatic.net/assets/place/place.placeDetail.bundle.9b8a93d5756bf8ac28a9.1786610149950.js
08_place.inlineVideoPlayer.bundle.9b8a93d5756bf8ac28a9.1786610149950.js	https://g-place.pstatic.net/assets/place/place.inlineVideoPlayer.bundle.9b8a93d5756bf8ac28a9.1786610149950.js
09_place.iconsLabels.bundle.9b8a93d5756bf8ac28a9.1786610149950.js	https://g-place.pstatic.net/assets/place/place.iconsLabels.bundle.9b8a93d5756bf8ac28a9.1786610149950.js
10_place.4487.bundle.9b8a93d5756bf8ac28a9.1786610149950.js	https://g-place.pstatic.net/assets/place/place.4487.bundle.9b8a93d5756bf8ac28a9.1786610149950.js
11_place.7864.bundle.9b8a93d5756bf8ac28a9.1786610149950.js	https://g-place.pstatic.net/assets/place/place.7864.bundle.9b8a93d5756bf8ac28a9.1786610149950.js
12_place.2874.bundle.9b8a93d5756bf8ac28a9.1786610149950.js	https://g-place.pstatic.net/assets/place/place.2874.bundle.9b8a93d5756bf8ac28a9.1786610149950.js
13_place.detailReviewTab.bundle.9b8a93d5756bf8ac28a9.1786610149950.js	https://g-place.pstatic.net/assets/place/place.detailReviewTab.bundle.9b8a93d5756bf8ac28a9.1786610149950.js
14_place.PuiAirportProvider.bundle.9b8a93d5756bf8ac28a9.1786610149950.js	https://g-place.pstatic.net/assets/place/place.PuiAirportProvider.bundle.9b8a93d5756bf8ac28a9.1786610149950.js
15_place.MediaViewer.bundle.9b8a93d5756bf8ac28a9.1786610149950.js	https://g-place.pstatic.net/assets/place/place.MediaViewer.bundle.9b8a93d5756bf8ac28a9.1786610149950.js
16_place.6705.bundle.9b8a93d5756bf8ac28a9.1786610149950.js	https://g-place.pstatic.net/assets/place/place.6705.bundle.9b8a93d5756bf8ac28a9.1786610149950.js
17_place.PuiVisitorReviewCard.bundle.9b8a93d5756bf8ac28a9.1786610149950.js	https://g-place.pstatic.net/assets/place/place.PuiVisitorReviewCard.bundle.9b8a93d5756bf8ac28a9.1786610149950.js
18_place.PuiAnchorProvider.bundle.9b8a93d5756bf8ac28a9.1786610149950.js	https://g-place.pstatic.net/assets/place/place.PuiAnchorProvider.bundle.9b8a93d5756bf8ac28a9.1786610149950.js
19_place.PuiReviewCard.bundle.9b8a93d5756bf8ac28a9.1786610149950.js	https://g-place.pstatic.net/assets/place/place.PuiReviewCard.bundle.9b8a93d5756bf8ac28a9.1786610149950.js
20_place.PuiReviewFollowButton.bundle.9b8a93d5756bf8ac28a9.1786610149950.js	https://g-place.pstatic.net/assets/place/place.PuiReviewFollowButton.bundle.9b8a93d5756bf8ac28a9.1786610149950.js
